variable,grp,rsq,rho,ktau,mae
y,_full_,0.996388884019484,0.998192809040159,0.963879759519038,0.0021176778313196
