variable,grp,rsq,rho,ktau,mae
y,_full_,0.999975069466851,0.999987534655733,0.99696993987976,0.000823212791805162
